Familienavn,Vitenskapelig navn,Slekt - Norsk,Art - Norsk,Sjikt,bilde_url,wikipedia_url,bilde_status
Ulmaceae,Ulmus glabra,Alm,Alm,Tresjikt,https://upload.wikimedia.org/wikipedia/commons/thumb/7/76/Ulmus_glabra.jpg/500px-Ulmus_glabra.jpg,https://no.wikipedia.org/wiki/Alm,FUNNET
Fabaceae,Trifolium hybridum,Kløver,Alsikekløver,Feltsjikt,https://upload.wikimedia.org/wikipedia/commons/thumb/b/b6/Trifolium_hybridum_inflorescence_-_Keila.jpg/500px-Trifolium_hybridum_inflorescence_-_Keila.jpg,https://en.wikipedia.org/wiki/Trifolium_hybridum,FUNNET
Oleaceae,Fraxinus excelsior,Ask,Ask,Tresjikt,https://upload.wikimedia.org/wikipedia/commons/thumb/7/77/Illustration_Fraxinus_excelsior1.jpg/500px-Illustration_Fraxinus_excelsior1.jpg,https://no.wikipedia.org/wiki/Ask,FUNNET
Crassulaceae,Sedum acre,Begknapp,Bitterbegknapp,Feltsjikt,https://upload.wikimedia.org/wikipedia/commons/thumb/1/1c/Sedum_acre_single_-_Niitv%C3%A4lja.jpg/500px-Sedum_acre_single_-_Niitv%C3%A4lja.jpg,https://no.wikipedia.org/wiki/Bitterbergknapp,FUNNET
Betulaceae,Betula pendula,Bjørk,Bjørk,Tresjikt,https://upload.wikimedia.org/wikipedia/commons/thumb/7/7e/Betula_pubescens_ssp_glutinosa_bluete.jpeg/500px-Betula_pubescens_ssp_glutinosa_bluete.jpeg,https://no.wikipedia.org/wiki/Vanlig_bj%C3%B8rk,FUNNET
Rosaceae,Rubus fruticosus,Bjørnebær,Bjørnebær,Busksjikt,https://upload.wikimedia.org/wikipedia/commons/thumb/8/83/Brombeere_0815-23.jpg/500px-Brombeere_0815-23.jpg,https://no.wikipedia.org/wiki/Bj%C3%B8rneb%C3%A6r,FUNNET
Geraniaceae,Geranium sanguineum,Storkenebb,Blodstorkenebb,Feltsjikt,https://upload.wikimedia.org/wikipedia/commons/thumb/4/4e/%28MHNT%29_Geranium_sanguineum_-_Flower_and_leaf_-_Les_Martels%2C_Giroussens_Tarn.jpg/500px-%28MHNT%29_Geranium_sanguineum_-_Flower_and_leaf_-_Les_Martels%2C_Giroussens_Tarn.jpg,https://no.wikipedia.org/wiki/Blodstorkenebb,FUNNET
Ericaceae,Vaccinium uliginosum,Bær,Blokkebær,Feltsjikt,https://upload.wikimedia.org/wikipedia/commons/thumb/c/cb/Vaccinium_uliginosum_fruit.jpg/500px-Vaccinium_uliginosum_fruit.jpg,https://no.wikipedia.org/wiki/Blokkeb%C3%A6r,FUNNET
Ericaceae,Vaccinium myrtillus,Bær,Blåbær,Feltsjikt,https://upload.wikimedia.org/wikipedia/commons/thumb/7/7c/VACCINIUM_MIRTYLLUS_-_CABDELLA_-_IB-120.JPG/500px-VACCINIUM_MIRTYLLUS_-_CABDELLA_-_IB-120.JPG,https://no.wikipedia.org/wiki/Bl%C3%A5b%C3%A6r,FUNNET
Campanulaceae,Campanula rotundifolia,Klokke,Blåklokke,Feltsjikt,https://upload.wikimedia.org/wikipedia/commons/thumb/3/3f/Campanula_rotundifolia1.jpg/500px-Campanula_rotundifolia1.jpg,https://no.wikipedia.org/wiki/Bl%C3%A5klokke,FUNNET
Lamiaceae,Prunella vulgaris,Koll,Blåkoll,Feltsjikt,https://upload.wikimedia.org/wikipedia/commons/thumb/7/7c/Prunella_vulgaris_Norway.jpg/500px-Prunella_vulgaris_Norway.jpg,https://no.wikipedia.org/wiki/Bl%C3%A5koll,FUNNET
Ericaceae,Phyllodoce caerulea,Lyng,Blålyng,Feltsjikt,https://upload.wikimedia.org/wikipedia/commons/thumb/2/28/Phyllodoce_caerulea_-_Bl%C3%A5lyng.jpg/500px-Phyllodoce_caerulea_-_Bl%C3%A5lyng.jpg,https://no.wikipedia.org/wiki/Bl%C3%A5lyng,FUNNET
Asteraceae,Arctium lappa,Borre,Borre,Feltsjikt,https://upload.wikimedia.org/wikipedia/commons/thumb/0/03/BORRE_KIRKE_medieval_church_Kirkebakken_HORTEN_Norway_Steingjerde_stone_fence_Flagg_halv_stang_Norwegian_flags_Kirkeg%C3%A5rd_gravlund_cemetery_gravminner_gravsteiner_headstones_tombstones_etc_2021-07-08_IMG_8052.jpg/500px-thumbnail.jpg,https://no.wikipedia.org/wiki/Borre,FUNNET
Urticaceae,Urtica dioica,Nesle,Brennelse,Feltsjikt,https://upload.wikimedia.org/wikipedia/commons/thumb/1/16/Brennnessel_1.JPG/500px-Brennnessel_1.JPG,https://no.wikipedia.org/wiki/Stornesle,FUNNET
Rosaceae,Rubus idaeus,Bringebær,Bringebær,Busksjikt,https://upload.wikimedia.org/wikipedia/commons/thumb/6/69/Raspberries05.jpg/500px-Raspberries05.jpg,https://no.wikipedia.org/wiki/Bringeb%C3%A6r,FUNNET
Fagaceae,Fagus sylvatica,Bøk,Bøk,Tresjikt,https://upload.wikimedia.org/wikipedia/commons/thumb/3/37/Fagus_sylvatica_-_K%C3%B6hler%E2%80%93s_Medizinal-Pflanzen-060.jpg/500px-Fagus_sylvatica_-_K%C3%B6hler%E2%80%93s_Medizinal-Pflanzen-060.jpg,https://no.wikipedia.org/wiki/B%C3%B8k,FUNNET
Betulaceae,Betula pubescens,Dunbjørk,Dunbjørk,Tresjikt,https://upload.wikimedia.org/wikipedia/commons/thumb/7/7e/Betula_pubescens_ssp_glutinosa_bluete.jpeg/500px-Betula_pubescens_ssp_glutinosa_bluete.jpeg,https://no.wikipedia.org/wiki/Vanlig_bj%C3%B8rk,FUNNET
Betulaceae,Betula nana,Dvergbjørk,Dvergbjørk,Busksjikt,https://upload.wikimedia.org/wikipedia/commons/thumb/6/61/Betula_nana0.jpg/500px-Betula_nana0.jpg,https://no.wikipedia.org/wiki/Dvergbj%C3%B8rk,FUNNET
Pinaceae,Abies alba,Gran,Edelgran,Tresjikt,https://upload.wikimedia.org/wikipedia/commons/thumb/f/fa/Illustration_Abies_alba0.jpg/500px-Illustration_Abies_alba0.jpg,https://no.wikipedia.org/wiki/Vanlig_edelgran,FUNNET
Dennstaedtiaceae,Pteridium aquilinum,Einstape,Einstappe,Feltsjikt,https://upload.wikimedia.org/wikipedia/commons/thumb/5/5c/Adelaarsvaren_planten_Pteridium_aquilinum.jpg/500px-Adelaarsvaren_planten_Pteridium_aquilinum.jpg,https://en.wikipedia.org/wiki/Pteridium_aquilinum,FUNNET
Rosaceae,Geum rivale,Humleblom,Enghumleblom,Feltsjikt,https://upload.wikimedia.org/wikipedia/commons/thumb/2/20/Geum_rivale_flower_-_Keila.jpg/500px-Geum_rivale_flower_-_Keila.jpg,https://no.wikipedia.org/wiki/Enghumleblom,FUNNET
Caryophyllaceae,Silene dioica,Kjærblom,Engkjærblom,Feltsjikt,https://upload.wikimedia.org/wikipedia/commons/thumb/c/c7/Jonsokblom03.jpg/500px-Jonsokblom03.jpg,https://no.wikipedia.org/wiki/R%C3%B8d_jonsokblom,FUNNET
Asteraceae,Centaurea jacea,Knoppurt,Engknoppurt,Feltsjikt,https://upload.wikimedia.org/wikipedia/commons/thumb/f/f7/Bombus_lapidarius_-_Centaurea_jacea_-_Keila.jpg/500px-Bombus_lapidarius_-_Centaurea_jacea_-_Keila.jpg,https://no.wikipedia.org/wiki/Engknoppurt,FUNNET
Ranunculaceae,Ranunculus acris,Soleie,Engsoleie,Feltsjikt,https://upload.wikimedia.org/wikipedia/commons/thumb/c/cb/Illustration_Ranunculus_acris0_clean.jpg/500px-Illustration_Ranunculus_acris0_clean.jpg,https://no.wikipedia.org/wiki/Engsoleie,FUNNET
Hypericaceae,Hypericum maculatum,Perikum,Firkantperikum,Feltsjikt,https://upload.wikimedia.org/wikipedia/commons/thumb/7/75/Hypericum_maculatum_IMG_7042_firkantperikum.JPG/500px-Hypericum_maculatum_IMG_7042_firkantperikum.JPG,https://no.wikipedia.org/wiki/Firkantperikum,FUNNET
Betulaceae,Betula pubescens ssp. czerepanovii,Fjellbjørk,Fjellbjørk,Tresjikt,https://upload.wikimedia.org/wikipedia/commons/thumb/1/13/Mountain-birch-Trollheimen.jpg/500px-Mountain-birch-Trollheimen.jpg,https://no.wikipedia.org/wiki/Fjellbj%C3%B8rk,FUNNET
Rosaceae,Alchemilla alpina,Marikåpe,Fjellmarikåpe,Feltsjikt,https://upload.wikimedia.org/wikipedia/commons/thumb/7/79/Alchemilla_alpina.JPG/500px-Alchemilla_alpina.JPG,https://no.wikipedia.org/wiki/Fjellmarik%C3%A5pe,FUNNET
Plantaginaceae,Plantago maritima,Koll,Fjørekoll,Feltsjikt,https://upload.wikimedia.org/wikipedia/commons/thumb/d/d7/Armeria_maritima_no.JPG/500px-Armeria_maritima_no.JPG,https://no.wikipedia.org/wiki/Fj%C3%A6rekoll,FUNNET
Crassulaceae,Sedum villosum,Sylurt,Fjøresuløk,Feltsjikt,https://upload.wikimedia.org/wikipedia/commons/thumb/d/de/Sedum_villosum_Moor-Mauerpfeffer.JPG/500px-Sedum_villosum_Moor-Mauerpfeffer.JPG,https://no.wikipedia.org/wiki/Lodnebergknapp,FUNNET
Primulaceae,Lysimachia vulgaris,Fredløs,Fredløs,Feltsjikt,https://upload.wikimedia.org/wikipedia/commons/thumb/1/13/Lysimachia_vulgaris.jpeg/500px-Lysimachia_vulgaris.jpeg,https://no.wikipedia.org/wiki/Fredl%C3%B8s,FUNNET
Amaranthaceae,Chenopodium album,Melde,Frømelde,Feltsjikt,https://upload.wikimedia.org/wikipedia/commons/thumb/c/cc/Chenopodium_polyspermum_2005.08.21_15.18.04-p8210049.jpg/500px-Chenopodium_polyspermum_2005.08.21_15.18.04-p8210049.jpg,https://no.wikipedia.org/wiki/Fr%C3%B8melde,FUNNET
Dryopteridaceae,Athyrium filix-femina,Telg,Fugletelg,Feltsjikt,https://upload.wikimedia.org/wikipedia/commons/thumb/a/a8/Gymnocarpium_dryopteris_AT.JPG/500px-Gymnocarpium_dryopteris_AT.JPG,https://no.wikipedia.org/wiki/Fugletelg,FUNNET
Fabaceae,Vicia cracca,Vikke,Fuglevikke,Feltsjikt,https://upload.wikimedia.org/wikipedia/commons/thumb/b/ba/Fuglevikke11.jpg/500px-Fuglevikke11.jpg,https://no.wikipedia.org/wiki/Fuglevikke,FUNNET
Pinaceae,Pinus sylvestris,Furu,Furu,Tresjikt,https://upload.wikimedia.org/wikipedia/commons/thumb/7/7c/Kalkfuruskog.jpg/500px-Kalkfuruskog.jpg,https://no.wikipedia.org/wiki/Furu,FUNNET
Oxalidaceae,Oxalis acetosella,Gauksyre,Gauksyre,Feltsjikt,https://upload.wikimedia.org/wikipedia/commons/thumb/4/46/Gaukesyre08.jpg/500px-Gaukesyre08.jpg,https://no.wikipedia.org/wiki/Gj%C3%B8kesyre,FUNNET
Onagraceae,Epilobium angustifolium,Mjølke,Geitrams,Feltsjikt,https://upload.wikimedia.org/wikipedia/commons/thumb/6/67/Epilobe_feuilles_etroites_01.jpg/500px-Epilobe_feuilles_etroites_01.jpg,https://no.wikipedia.org/wiki/Geitrams,FUNNET
Apiaceae,Carum carvi,Karve,Gjeldkarve,Feltsjikt,https://upload.wikimedia.org/wikipedia/commons/thumb/4/42/Carum_carvi_-_K%C3%B6hler%E2%80%93s_Medizinal-Pflanzen-172.jpg/500px-Carum_carvi_-_K%C3%B6hler%E2%80%93s_Medizinal-Pflanzen-172.jpg,https://no.wikipedia.org/wiki/Karve,FUNNET
Brassicaceae,Capsella bursa-pastoris,Gjetertaske,Gjetertaske,Feltsjikt,https://upload.wikimedia.org/wikipedia/commons/thumb/e/e8/Capsella_bursa_pastoris_lomme.jpg/500px-Capsella_bursa_pastoris_lomme.jpg,https://no.wikipedia.org/wiki/Gjetertaske,FUNNET
Pinaceae,Picea abies,Gran,Gran,Tresjikt,https://upload.wikimedia.org/wikipedia/commons/thumb/8/82/Picea_abies_-_K%C3%B6hler%E2%80%93s_Medizinal-Pflanzen-105.jpg/500px-Picea_abies_-_K%C3%B6hler%E2%80%93s_Medizinal-Pflanzen-105.jpg,https://no.wikipedia.org/wiki/Gran,FUNNET
Fagaceae,Quercus robur,Eik,Sommereik,Tresjikt,https://upload.wikimedia.org/wikipedia/commons/thumb/2/23/Duby_nad_Pozorkou_I.jpg/500px-Duby_nad_Pozorkou_I.jpg,https://no.wikipedia.org/wiki/Sommereik,FUNNET
Rubiaceae,Galium odoratum,Galium,Gulmaure,Feltsjikt,https://upload.wikimedia.org/wikipedia/commons/thumb/a/af/Galium_verum_02.jpg/500px-Galium_verum_02.jpg,https://no.wikipedia.org/wiki/Gulmaure,FUNNET
Poaceae,Bromus racemosus,Gulskolm,Gulskolm,Feltsjikt,https://upload.wikimedia.org/wikipedia/commons/thumb/b/b9/%28MHNT%29_Lathyrus_pratensis_-_Inflorescence.jpg/500px-%28MHNT%29_Lathyrus_pratensis_-_Inflorescence.jpg,https://no.wikipedia.org/wiki/Gulflatbelg,FUNNET
Polygonaceae,Rumex acetosella,Gåsemure,Gåsemure,Feltsjikt,https://upload.wikimedia.org/wikipedia/commons/thumb/7/7f/Gaasemure02.jpg/500px-Gaasemure02.jpg,https://no.wikipedia.org/wiki/G%C3%A5semure,FUNNET
Rosaceae,Crataegus monogyna,Hagetorn,Hagetorn,Busksjikt,https://upload.wikimedia.org/wikipedia/commons/thumb/1/1f/Crataegus_azarolus_Zingaro_084.jpg/500px-Crataegus_azarolus_Zingaro_084.jpg,https://no.wikipedia.org/wiki/Hagtorn,FUNNET
Fabaceae,Trifolium arvense,Klover,Harekløver,Feltsjikt,https://upload.wikimedia.org/wikipedia/commons/thumb/c/ca/Trifolium_arvense_-_kassiristik_Keilas.jpg/500px-Trifolium_arvense_-_kassiristik_Keilas.jpg,https://no.wikipedia.org/wiki/Harekl%C3%B8ver,FUNNET
Betulaceae,Corylus avellana,Hassel,Hassel,Busksjikt,https://upload.wikimedia.org/wikipedia/commons/thumb/6/67/Hasselblade.jpg/500px-Hasselblade.jpg,https://no.wikipedia.org/wiki/Hassel,FUNNET
Rosaceae,Prunus padus,Hegg,Hegg,Tres/Busksjikt,https://upload.wikimedia.org/wikipedia/commons/thumb/4/45/Prunus_racemosa_a1.jpg/500px-Prunus_racemosa_a1.jpg,https://no.wikipedia.org/wiki/Hegg,FUNNET
Apiaceae,Anthriscus sylvestris,Hundekjeks,Hundekjeks,Feltsjikt,https://upload.wikimedia.org/wikipedia/commons/thumb/7/78/Anthriscus_sylvestris_Fluitenkruidbloemen.jpg/500px-Anthriscus_sylvestris_Fluitenkruidbloemen.jpg,https://no.wikipedia.org/wiki/Hundekjeks,FUNNET
Betulaceae,Betula pendula 'Tristis',Hengjebjørk,Hengjebjørk,Tresjikt,https://upload.wikimedia.org/wikipedia/commons/thumb/8/8a/Betula_pendula_Finland.jpg/500px-Betula_pendula_Finland.jpg,https://en.wikipedia.org/wiki/Betula_pendula,FUNNET
Fabaceae,Medicago sativa,Vengjevengjevene,Vengjevengjevene,Feltsjikt,https://upload.wikimedia.org/wikipedia/commons/thumb/7/78/Medicago_sativa_-_harilik_lutsern_Keilas.jpg/500px-Medicago_sativa_-_harilik_lutsern_Keilas.jpg,https://no.wikipedia.org/wiki/Bl%C3%A5lusern,FUNNET
Fabaceae,Vicia sepium,Vingev,Vengjeving,Feltsjikt,https://upload.wikimedia.org/wikipedia/commons/thumb/a/ae/Gjerdevikke12.jpg/500px-Gjerdevikke12.jpg,https://no.wikipedia.org/wiki/Gjerdevikke,FUNNET
Asteraceae,Tussilago farfara,Hestehov,Hestehov,Feltsjikt,https://upload.wikimedia.org/wikipedia/commons/thumb/6/67/Tussilago_farfara_-_K%C3%B6hler%E2%80%93s_Medizinal-Pflanzen-142.jpg/500px-Tussilago_farfara_-_K%C3%B6hler%E2%80%93s_Medizinal-Pflanzen-142.jpg,https://no.wikipedia.org/wiki/Hestehov,FUNNET
Brassicaceae,Cardamine pratensis,Honingkarse,Honingkarse,Feltsjikt,https://upload.wikimedia.org/wikipedia/commons/thumb/1/19/Pinksterbloem.jpg/500px-Pinksterbloem.jpg,https://no.wikipedia.org/wiki/Engkarse,FUNNET
Fabaceae,Trifolium repens,Kløver,Hvitkløver,Feltsjikt,https://upload.wikimedia.org/wikipedia/commons/thumb/7/70/BaltasisDobilas001.JPG/500px-BaltasisDobilas001.JPG,https://no.wikipedia.org/wiki/Hvitkl%C3%B8ver,FUNNET
Rubiaceae,Galium mollugo,Galium,Hvitmaure,Feltsjikt,https://upload.wikimedia.org/wikipedia/commons/thumb/2/22/Rubiaceae_-_Galium_mollugo.JPG/500px-Rubiaceae_-_Galium_mollugo.JPG,https://en.wikipedia.org/wiki/Galium_mollugo,FUNNET
Poaceae,Agrostis spp.,Agrostis,Hønsegras,Feltsjikt,https://upload.wikimedia.org/wikipedia/commons/thumb/6/60/Persicaria_8_11_2010_014.jpg/500px-Persicaria_8_11_2010_014.jpg,https://no.wikipedia.org/wiki/H%C3%B8nsegras,FUNNET
Polygonaceae,Rumex longifolius,Mole,Høymole,Feltsjikt,https://upload.wikimedia.org/wikipedia/commons/thumb/9/90/Hoymuggel.jpg/500px-Hoymuggel.jpg,https://no.wikipedia.org/wiki/H%C3%B8ymol,FUNNET
Asteraceae,Solidago canadensis,Riselskap,Kanadagulris,Feltsjikt,https://upload.wikimedia.org/wikipedia/commons/thumb/2/26/Solidago_canadensis_20050815_248.jpg/500px-Solidago_canadensis_20050815_248.jpg,https://no.wikipedia.org/wiki/Kanadagullris,FUNNET
Rosaceae,Prunus spp.,Kirsebær,Kirsebær,Busksjikt/Tresjikt,https://upload.wikimedia.org/wikipedia/commons/thumb/3/38/Vir%C3%A1gz%C3%B3_meggyfa1.jpg/500px-Vir%C3%A1gz%C3%B3_meggyfa1.jpg,https://no.wikipedia.org/wiki/Kirseb%C3%A6r,FUNNET
Poaceae,Anthoxanthum odoratum,Kjempesøt gras,Kjempesøt gras,Feltsjikt,https://upload.wikimedia.org/wikipedia/commons/thumb/a/a0/AnthoxanthumOdoratum.jpg/500px-AnthoxanthumOdoratum.jpg,https://no.wikipedia.org/wiki/Gulaks,FUNNET
Rubiaceae,Galium aparine,Galium,Klengemaure,Feltsjikt,https://upload.wikimedia.org/wikipedia/commons/thumb/9/9b/Galium_aparine_b.jpg/500px-Galium_aparine_b.jpg,https://en.wikipedia.org/wiki/Galium_aparine,FUNNET
Fabaceae,Trifolium pratense,Kløver,Rødkløver,Feltsjikt,https://upload.wikimedia.org/wikipedia/commons/thumb/5/59/Cleaned-Illustration_Trifolium_pratense.jpg/500px-Cleaned-Illustration_Trifolium_pratense.jpg,https://no.wikipedia.org/wiki/R%C3%B8dkl%C3%B8ver,FUNNET
Cyperaceae,Eleocharis palustris,Siv,Knappsiv,Feltsjikt,https://upload.wikimedia.org/wikipedia/commons/thumb/9/93/EleocharisPalustrisAspekt.jpg/500px-EleocharisPalustrisAspekt.jpg,https://en.wikipedia.org/wiki/Eleocharis_palustris,FUNNET
Rosaceae,Galium spp.,Korsknapp,Korsknapp,Feltsjikt,https://upload.wikimedia.org/wikipedia/commons/thumb/5/5d/Glechoma_hederacea_Bluszczyk_kurdybanek_001.jpg/500px-Glechoma_hederacea_Bluszczyk_kurdybanek_001.jpg,https://no.wikipedia.org/wiki/Korsknapp,FUNNET
Brassicaceae,Malcolmia maritima,Korsve,Korsve,Feltsjikt,https://upload.wikimedia.org/wikipedia/commons/thumb/c/c9/Malcolmia_maritima3.jpg/500px-Malcolmia_maritima3.jpg,https://en.wikipedia.org/wiki/Malcolmia_maritima,FUNNET
Asteraceae,Hieracium spp.,Humleblom,Kratthumleblom,Feltsjikt,https://upload.wikimedia.org/wikipedia/commons/thumb/b/bb/Geum_urbanum_Sturm44.jpg/500px-Geum_urbanum_Sturm44.jpg,https://no.wikipedia.org/wiki/Kratthumleblom,FUNNET
Ericaceae,Empetrum nigrum,Krekling,Krekling,Feltsjikt,https://upload.wikimedia.org/wikipedia/commons/thumb/2/29/Empetrum_nigrum_Sturm22.jpg/500px-Empetrum_nigrum_Sturm22.jpg,https://no.wikipedia.org/wiki/Krekling,FUNNET
Brassicaceae,Erophila verna,Krossve,Krossve,Feltsjikt,https://upload.wikimedia.org/wikipedia/commons/thumb/9/9f/MDF_Draba_verna_01.jpg/500px-MDF_Draba_verna_01.jpg,https://en.wikipedia.org/wiki/Draba_verna,FUNNET
Primulaceae,Anagallis arvensis,Krypsolei,Krypsolei,Feltsjikt,https://upload.wikimedia.org/wikipedia/commons/thumb/d/da/133_Anagallis_arvensis.jpg/500px-133_Anagallis_arvensis.jpg,https://no.wikipedia.org/wiki/Nonsblom,FUNNET
Primulaceae,Primula veris,Jonsokblom,Kvit jonsokblom,Feltsjikt,https://upload.wikimedia.org/wikipedia/commons/thumb/e/ea/Silene_latifolia_001.JPG/500px-Silene_latifolia_001.JPG,https://no.wikipedia.org/wiki/Hvit_jonsokblom,FUNNET
Cyperaceae,Carex acuta,Carex,Kvassdå,Feltsjikt,https://upload.wikimedia.org/wikipedia/commons/thumb/9/9b/Carex_acuta1.JPG/500px-Carex_acuta1.JPG,https://en.wikipedia.org/wiki/Carex_acuta,FUNNET
Poaceae,Elymus repens,Agropyron,Kveke,Feltsjikt,https://upload.wikimedia.org/wikipedia/commons/thumb/8/89/Elytrigia_repens_-_K%C3%B6hler%E2%80%93s_Medizinal-Pflanzen-203.jpg/500px-Elytrigia_repens_-_K%C3%B6hler%E2%80%93s_Medizinal-Pflanzen-203.jpg,https://no.wikipedia.org/wiki/Kveke,FUNNET
Ericaceae,Ledum palustre,Kvitlyng,Kvitlyng,Feltsjikt,https://upload.wikimedia.org/wikipedia/commons/thumb/8/8e/Andromeda-polifolia-flowers.JPG/500px-Andromeda-polifolia-flowers.JPG,https://no.wikipedia.org/wiki/Kvitlyng,FUNNET
Asparagaceae,Convallaria majalis,Konvall,Linjekonvall,Feltsjikt,https://upload.wikimedia.org/wikipedia/commons/thumb/f/f9/Convallaria_majalis_inflorescence_-_Keila.jpg/500px-Convallaria_majalis_inflorescence_-_Keila.jpg,https://no.wikipedia.org/wiki/Liljekonvall,FUNNET
Lamiaceae,Scutellaria galericulata,Torskemunn,Lintorskemunn,Feltsjikt,https://upload.wikimedia.org/wikipedia/commons/thumb/7/74/Linaria_vulgaris_flowers_-_Keila.jpg/500px-Linaria_vulgaris_flowers_-_Keila.jpg,https://no.wikipedia.org/wiki/Lintorskemunn,FUNNET
Juncaceae,Juncus articulatus,Siv,Lyssiv,Feltsjikt,https://upload.wikimedia.org/wikipedia/commons/thumb/b/b4/JuncusArticulatus.jpg/500px-JuncusArticulatus.jpg,https://en.wikipedia.org/wiki/Juncus_articulatus,FUNNET
Boraginaceae,Symphytum officinale,Løkurt,Løkurt,Feltsjikt,https://upload.wikimedia.org/wikipedia/commons/thumb/5/5f/Alliaria_petiolata_marais-belloy-sur-somme_80_26042007_3.jpg/500px-Alliaria_petiolata_marais-belloy-sur-somme_80_26042007_3.jpg,https://no.wikipedia.org/wiki/L%C3%B8kurt,FUNNET
Rosaceae,Alchemilla vulgaris,Marikåpe,Marikåpe,Feltsjikt,https://upload.wikimedia.org/wikipedia/commons/thumb/8/84/Nordens_flora_Alchemilla_vulgaris.jpg/500px-Nordens_flora_Alchemilla_vulgaris.jpg,https://no.wikipedia.org/wiki/Marik%C3%A5peslekta,FUNNET
Rosaceae,Fragaria vesca,Jordbær,Markjordbær,Feltsjikt,https://upload.wikimedia.org/wikipedia/commons/thumb/b/b4/Fragaria_vesca_Norway_Hurum.jpg/500px-Fragaria_vesca_Norway_Hurum.jpg,https://no.wikipedia.org/wiki/Markjordb%C3%A6r,FUNNET
Amaranthaceae,Atriplex prostrata,Meldestokk,Meldestokk,Feltsjikt,https://upload.wikimedia.org/wikipedia/commons/thumb/b/b7/Melganzenvoet_bloeiwijze_Chenopodium_album.jpg/500px-Melganzenvoet_bloeiwijze_Chenopodium_album.jpg,https://no.wikipedia.org/wiki/Meldestokk,FUNNET
Rosaceae,Achillea millefolium,Mjødurt,Mjødurt,Feltsjikt,https://upload.wikimedia.org/wikipedia/commons/thumb/5/5d/Filipendula-ulmaria.JPG/500px-Filipendula-ulmaria.JPG,https://no.wikipedia.org/wiki/Mj%C3%B8durt,FUNNET
Onagraceae,Epilobium spp.,Mjølke,Mjølke,Feltsjikt,https://upload.wikimedia.org/wikipedia/commons/thumb/7/7d/Epilobium_hirsutum_04_ies.jpg/500px-Epilobium_hirsutum_04_ies.jpg,https://no.wikipedia.org/wiki/Mj%C3%B8lkeslekta,FUNNET
Rosaceae,Rubus chamaemorus,Molte,Molte,Feltsjikt,https://upload.wikimedia.org/wikipedia/commons/thumb/d/d8/Cloudberry_%283803708355%29.jpg/500px-Cloudberry_%283803708355%29.jpg,https://no.wikipedia.org/wiki/Molte,FUNNET
Nymphaeaceae,Nuphar lutea,Kongle,Myrkongle,Feltsjikt/vann,https://upload.wikimedia.org/wikipedia/commons/thumb/9/9b/Calla_palustris2.jpg/500px-Calla_palustris2.jpg,https://no.wikipedia.org/wiki/Myrkongle,FUNNET
Cyperaceae,Eriophorum angustifolium,Myrull,Myrull,Feltsjikt,https://upload.wikimedia.org/wikipedia/commons/thumb/c/c7/Cottongrass.jpg/500px-Cottongrass.jpg,https://no.wikipedia.org/wiki/Myrullslekta,FUNNET
Poaceae,Milium effusum,Myskegras,Myskegras,Feltsjikt,https://upload.wikimedia.org/wikipedia/commons/thumb/5/53/Milium.effusum.2.jpg/500px-Milium.effusum.2.jpg,https://en.wikipedia.org/wiki/Milium_effusum,FUNNET
Salicaceae,Populus tremula,Osp,Osp,Tresjikt,https://upload.wikimedia.org/wikipedia/commons/thumb/3/3a/Osp01.jpg/500px-Osp01.jpg,https://no.wikipedia.org/wiki/Osp,FUNNET
Myricaceae,Myrica gale,Pors,Pors,Busksjikt,https://upload.wikimedia.org/wikipedia/commons/thumb/6/65/Myrica_gale_hunlig.JPG/500px-Myrica_gale_hunlig.JPG,https://no.wikipedia.org/wiki/Pors,FUNNET
Adoxaceae,Sambucus racemosa,Hyll,Raudhyll,Busksjikt,https://upload.wikimedia.org/wikipedia/commons/thumb/9/92/Sambucus_racemosa_a1.jpg/500px-Sambucus_racemosa_a1.jpg,https://no.wikipedia.org/wiki/R%C3%B8dhyll,FUNNET
Asteraceae,Tanacetum vulgare,Reinfann,Reinfann,Feltsjikt,https://upload.wikimedia.org/wikipedia/commons/thumb/d/d6/Tanacetum_vulgare_-_harilik_soolikarohi_Keilas2.jpg/500px-Tanacetum_vulgare_-_harilik_soolikarohi_Keilas2.jpg,https://no.wikipedia.org/wiki/Reinfann,FUNNET
Brassicaceae,Brassica rapa subsp. campestris,Skolm,Rundskolm,Feltsjikt,https://upload.wikimedia.org/wikipedia/commons/thumb/8/83/Illustration_Anthyllis_vulneraria0.jpg/500px-Illustration_Anthyllis_vulneraria0.jpg,https://no.wikipedia.org/wiki/Rundbelg,FUNNET
Brassicaceae,Thlaspi arvense,Soldogg,Rundsoldogg,Feltsjikt,https://upload.wikimedia.org/wikipedia/commons/thumb/6/61/Thlaspi_arvense.jpeg/500px-Thlaspi_arvense.jpeg,https://en.wikipedia.org/wiki/Thlaspi_arvense,FUNNET
Rosaceae,Rosa rugosa,Rose,Rynkerose,Busksjikt,https://upload.wikimedia.org/wikipedia/commons/thumb/3/34/Kartoffelrose_Bl%C3%BCte_und_Hagebutte.JPG/500px-Kartoffelrose_Bl%C3%BCte_und_Hagebutte.JPG,https://no.wikipedia.org/wiki/Rynkerose,FUNNET
Ericaceae,Arctostaphylos alpina,Bær,Rypebær,Feltsjikt,https://upload.wikimedia.org/wikipedia/commons/thumb/8/84/Arctostaphylos_alpina_no.jpg/500px-Arctostaphylos_alpina_no.jpg,https://no.wikipedia.org/wiki/Rypeb%C3%A6r,FUNNET
Poaceae,Holcus lanatus,Hønsegras,Rød kjertelhønsegras,Feltsjikt,https://upload.wikimedia.org/wikipedia/commons/thumb/4/4c/Holcus_lanatus_Gestreepte_witbol_%282%29.jpg/500px-Holcus_lanatus_Gestreepte_witbol_%282%29.jpg,https://en.wikipedia.org/wiki/Holcus_lanatus,FUNNET
Caprifoliaceae,Knautia arvensis,Knapp,Rødknapp,Feltsjikt,https://upload.wikimedia.org/wikipedia/commons/thumb/d/d4/Acker-Witwenblume_Knautia_arvensis.jpg/500px-Acker-Witwenblume_Knautia_arvensis.jpg,https://no.wikipedia.org/wiki/R%C3%B8dknapp,FUNNET
Ericaceae,Calluna vulgaris,Lyng,Røsslyng,Feltsjikt,https://upload.wikimedia.org/wikipedia/commons/thumb/3/3f/Calluna_vulgaris_1.jpg/500px-Calluna_vulgaris_1.jpg,https://no.wikipedia.org/wiki/R%C3%B8sslyng,FUNNET
Juncaceae,Juncus gerardii,Siv,Saltsiv,Feltsjikt,https://upload.wikimedia.org/wikipedia/commons/thumb/1/1a/Juncus_gerardii.jpeg/500px-Juncus_gerardii.jpeg,https://en.wikipedia.org/wiki/Juncus_gerardii,FUNNET
Salicaceae,Salix caprea,Selje,Selje,Tresjikt,https://upload.wikimedia.org/wikipedia/commons/thumb/a/a6/Cleaned-Illustration_Salix_caprea.jpg/500px-Cleaned-Illustration_Salix_caprea.jpg,https://no.wikipedia.org/wiki/Selje_(tre),FUNNET
Apiaceae,Cicuta virosa,Selsnepe,Selsnepe,Feltsjikt,https://upload.wikimedia.org/wikipedia/commons/thumb/1/17/Cicuta_virosa_-_K%C3%B6hler%E2%80%93s_Medizinal-Pflanzen-038_cropped.jpg/500px-Cicuta_virosa_-_K%C3%B6hler%E2%80%93s_Medizinal-Pflanzen-038_cropped.jpg,https://no.wikipedia.org/wiki/Selsnepe,FUNNET
Polypodiaceae,Polypodium vulgare,Bregne,Sisselrot,Feltsjikt,https://upload.wikimedia.org/wikipedia/commons/thumb/d/de/Polypodium_vulgare_jfg.jpg/500px-Polypodium_vulgare_jfg.jpg,https://no.wikipedia.org/wiki/Sisselrot,FUNNET
Dryopteridaceae,Dryopteris filix-mas,Burkne,Skogburkne,Feltsjikt,https://upload.wikimedia.org/wikipedia/commons/thumb/e/eb/Athyrium_filix-femina0.jpg/500px-Athyrium_filix-femina0.jpg,https://no.wikipedia.org/wiki/Skogburkne,FUNNET
Asteraceae,Lactuca muralis,Salat,Skogsalat,Feltsjikt,https://upload.wikimedia.org/wikipedia/commons/thumb/5/54/Mycelis_muralis.jpeg/500px-Mycelis_muralis.jpeg,https://en.wikipedia.org/wiki/Lactuca_muralis,FUNNET
Cyperaceae,Scirpus sylvaticus,Siv,Skogsiv,Feltsjikt,https://upload.wikimedia.org/wikipedia/commons/thumb/1/11/ScirpusSylvaticus.jpg/500px-ScirpusSylvaticus.jpg,https://en.wikipedia.org/wiki/Scirpus_sylvaticus,FUNNET
Equisetaceae,Equisetum sylvaticum,Snelle,Skogsnelle,Feltsjikt,https://upload.wikimedia.org/wikipedia/commons/thumb/b/b7/Equisetum_sylvaticum_04.jpg/500px-Equisetum_sylvaticum_04.jpg,https://no.wikipedia.org/wiki/Skogsnelle,FUNNET
Primulaceae,Trientalis europaea,Stjerne,Skogstjerne,Feltsjikt,https://upload.wikimedia.org/wikipedia/commons/thumb/9/90/Skogstjerne.jpg/500px-Skogstjerne.jpg,https://no.wikipedia.org/wiki/Skogstjerne,FUNNET
Caryophyllaceae,Stellaria nemorum,Stjerneblom,Skogstjerneblom,Feltsjikt,https://upload.wikimedia.org/wikipedia/commons/thumb/a/a8/Skogstjerne01.jpg/500px-Skogstjerne01.jpg,https://no.wikipedia.org/wiki/Skogstjerneblom,FUNNET
Geraniaceae,Geranium sylvaticum,Storkenebb,Skogstorkenebb,Feltsjikt,https://upload.wikimedia.org/wikipedia/commons/thumb/b/b5/Geranium_sylvaticum.JPG/500px-Geranium_sylvaticum.JPG,https://no.wikipedia.org/wiki/Skogstorkenebb,FUNNET
Asteraceae,Scorzoneroides autumnalis,Vinrot,Skogsvinrot,Feltsjikt,https://upload.wikimedia.org/wikipedia/commons/thumb/1/17/Leontodon_autumnalis_detail.jpeg/500px-Leontodon_autumnalis_detail.jpeg,https://no.wikipedia.org/wiki/F%C3%B8llblom,FUNNET
Apiaceae,Aegopodium podagraria,Skvallerkål,Skvallerkål,Feltsjikt,https://upload.wikimedia.org/wikipedia/commons/thumb/e/e7/Illustration_Aegopodium_podagraria0.jpg/500px-Illustration_Aegopodium_podagraria0.jpg,https://no.wikipedia.org/wiki/Skvallerk%C3%A5l,FUNNET
Salicaceae,Salix pentandra,Vier,Slyngsøt vier,Busksjikt,https://upload.wikimedia.org/wikipedia/commons/thumb/f/f9/Salix_pentandra0.jpg/500px-Salix_pentandra0.jpg,https://no.wikipedia.org/wiki/Istervier,FUNNET
Ranunculaceae,Caltha palustris,Smørblom,Slølje,Feltsjikt,https://upload.wikimedia.org/wikipedia/commons/thumb/3/37/Caltha_palustris_01.JPG/500px-Caltha_palustris_01.JPG,https://no.wikipedia.org/wiki/Bekkeblom,FUNNET
Rosaceae,Crataegus laevigata,Hagtorn,Slåtetorn,Busksjikt,https://upload.wikimedia.org/wikipedia/commons/thumb/a/a4/Crataegus_laevigata-flowers.jpg/500px-Crataegus_laevigata-flowers.jpg,https://no.wikipedia.org/wiki/Parkhagtorn,FUNNET
Plantaginaceae,Plantago lanceolata,Kjempe,Smalkjempe,Feltsjikt,https://upload.wikimedia.org/wikipedia/commons/thumb/1/17/Ribwort_600.jpg/500px-Ribwort_600.jpg,https://no.wikipedia.org/wiki/Smalkjempe,FUNNET
Poaceae,Deschampsia flexuosa,Smyle,Smyle,Feltsjikt,https://upload.wikimedia.org/wikipedia/commons/thumb/c/c2/Deschampsia.flexuosa.2.jpg/500px-Deschampsia.flexuosa.2.jpg,https://no.wikipedia.org/wiki/Smyle,FUNNET
Crassulaceae,Hylotelephium telephium,Sedum,Smørbukk,Feltsjikt,https://upload.wikimedia.org/wikipedia/commons/thumb/8/8a/Illustration-page44-Sagobok_f%C3%B6r_barn_djvu.jpg/500px-Illustration-page44-Sagobok_f%C3%B6r_barn_djvu.jpg,https://no.wikipedia.org/wiki/Sm%C3%B8rbukk,FUNNET
Ericaceae,Oxycoccus microcarpus,Tranebær,Små tranebær,Feltsjikt,https://upload.wikimedia.org/wikipedia/commons/thumb/8/89/20121015-FS-UNK-0009_%288090982330%29.jpg/500px-20121015-FS-UNK-0009_%288090982330%29.jpg,https://en.wikipedia.org/wiki/Vaccinium_microcarpum,FUNNET
Orobanchaceae,Melampyrum sylvaticum,Marimjelle,Småmarimjelle,Feltsjikt,https://upload.wikimedia.org/wikipedia/commons/thumb/8/87/Wald-Wachtelweizen.JPG/500px-Wald-Wachtelweizen.JPG,https://en.wikipedia.org/wiki/Melampyrum_sylvaticum,FUNNET
Polygonaceae,Rumex acetosella,Syre,Småsyre,Feltsjikt,https://upload.wikimedia.org/wikipedia/commons/thumb/1/12/Smaasyre02.jpg/500px-Smaasyre02.jpg,https://no.wikipedia.org/wiki/Sm%C3%A5syre,FUNNET
Equisetaceae,Equisetum arvense,Snelle,Snelle,Feltsjikt,https://upload.wikimedia.org/wikipedia/commons/thumb/3/35/Equisetum_arvense_126536963.jpg/500px-Equisetum_arvense_126536963.jpg,https://no.wikipedia.org/wiki/%C3%85kersnelle,FUNNET
Chenopodiaceae,Salsola kali,Sodaurt,Sodaurt,Feltsjikt,https://upload.wikimedia.org/wikipedia/commons/thumb/0/08/Salsola_kali_01.jpg/500px-Salsola_kali_01.jpg,https://no.wikipedia.org/wiki/Sodaurt,FUNNET
Sapindaceae,Acer platanoides,Lønn,Spisslønn,Tresjikt,https://upload.wikimedia.org/wikipedia/commons/thumb/0/0e/Spitz-Ahorn_%28Acer_platanoides%29_1.jpg/500px-Spitz-Ahorn_%28Acer_platanoides%29_1.jpg,https://no.wikipedia.org/wiki/Spissl%C3%B8nn,FUNNET
Balsaminaceae,Impatiens noli-tangere,Springfrø,Springfrø,Feltsjikt,https://upload.wikimedia.org/wikipedia/commons/thumb/2/2e/NoliTangere_Pflanze.jpg/500px-NoliTangere_Pflanze.jpg,https://no.wikipedia.org/wiki/Springfr%C3%B8,FUNNET
Geraniaceae,Geranium robertianum,Storkenebb,Stankstorkenebb,Feltsjikt,https://upload.wikimedia.org/wikipedia/commons/thumb/f/fb/Geranium_robertianum_Norway.jpg/500px-Geranium_robertianum_Norway.jpg,https://no.wikipedia.org/wiki/Stankstorkenebb,FUNNET
Violaceae,Viola tricolor,Fiol,Stemorsblomster,Feltsjikt,https://upload.wikimedia.org/wikipedia/commons/thumb/4/43/Viola_tricolor_whole.jpg/500px-Viola_tricolor_whole.jpg,https://no.wikipedia.org/wiki/Stemorsblomst,FUNNET
Rubiaceae,Galium boreale,Maure,Stormaure,Feltsjikt,https://upload.wikimedia.org/wikipedia/commons/thumb/1/10/Galium_boreale.jpeg/500px-Galium_boreale.jpeg,https://no.wikipedia.org/wiki/Kvitmaure,FUNNET
Urticaceae,Urtica dioica,Nesle,Stornesle,Feltsjikt,https://upload.wikimedia.org/wikipedia/commons/thumb/1/16/Brennnessel_1.JPG/500px-Brennnessel_1.JPG,https://no.wikipedia.org/wiki/Stornesle,FUNNET
Asteraceae,Matricaria maritima,Balderbrå,Strandbalderbrå,Feltsjikt,https://upload.wikimedia.org/wikipedia/commons/thumb/7/7c/Tripleurospermum_maritimum_09.jpg/500px-Tripleurospermum_maritimum_09.jpg,https://no.wikipedia.org/wiki/Strandbalderbr%C3%A5,FUNNET
Caryophyllaceae,Honckenya peploides,Arve,Strandarve,Feltsjikt,https://upload.wikimedia.org/wikipedia/commons/thumb/7/7d/Strandarve01.JPG/500px-Strandarve01.JPG,https://no.wikipedia.org/wiki/Strandarve,FUNNET
Brassicaceae,Cakile maritima,Karse,Strandkarse,Feltsjikt,https://upload.wikimedia.org/wikipedia/commons/thumb/d/da/Cakile_maritima_Rad%C3%A8s_beach.jpg/500px-Cakile_maritima_Rad%C3%A8s_beach.jpg,https://en.wikipedia.org/wiki/Cakile_maritima,FUNNET
Plantaginaceae,Plantago maritima,Kjempe,Strandkjempe,Feltsjikt,https://upload.wikimedia.org/wikipedia/commons/thumb/b/b4/Plantago_maritima_-_Iceland_-_2007-07-06.jpg/500px-Plantago_maritima_-_Iceland_-_2007-07-06.jpg,https://no.wikipedia.org/wiki/Strandkjempe,FUNNET
Primulaceae,Glaux maritima,Kryp,Strandkryp,Feltsjikt,https://upload.wikimedia.org/wikipedia/commons/thumb/f/f0/Glaux_maritima_no.JPG/500px-Glaux_maritima_no.JPG,https://no.wikipedia.org/wiki/Strandkryp,FUNNET
Brassicaceae,Crambe maritima,Kål,Strandkål,Feltsjikt,https://upload.wikimedia.org/wikipedia/commons/thumb/2/2d/Strandkaal02.jpg/500px-Strandkaal02.jpg,https://no.wikipedia.org/wiki/Strandk%C3%A5l,FUNNET
Chenopodiaceae,Atriplex littoralis,Melde,Strandmelde,Feltsjikt,https://upload.wikimedia.org/wikipedia/commons/thumb/4/47/Atriplex_littoralis_89-08.jpg/500px-Atriplex_littoralis_89-08.jpg,https://no.wikipedia.org/wiki/Strandmelde,FUNNET
Brassicaceae,Raphanus raphanistrum,Reddik,Strandreddik,Feltsjikt,https://upload.wikimedia.org/wikipedia/commons/thumb/c/c0/Cakile_maritima_01.jpg/500px-Cakile_maritima_01.jpg,https://no.wikipedia.org/wiki/Strandreddik,FUNNET
Poaceae,Leymus arenarius,Rug,Strandrug,Feltsjikt,https://upload.wikimedia.org/wikipedia/commons/thumb/2/24/Strandrug01.JPG/500px-Strandrug01.JPG,https://no.wikipedia.org/wiki/Strandrug,FUNNET
Convolvulaceae,Calystegia soldanella,Vindel,Strandvindel,Feltsjikt,https://upload.wikimedia.org/wikipedia/commons/thumb/4/42/Calystegia_sepium_-_tara-seatapp.jpg/500px-Calystegia_sepium_-_tara-seatapp.jpg,https://no.wikipedia.org/wiki/Strandvindel,FUNNET
Euphorbiaceae,Euphorbia paralias,Vortemelk,Strandvortemelk,Feltsjikt,https://upload.wikimedia.org/wikipedia/commons/thumb/a/a6/Dr%C3%B6singer_Wald_02.jpg/500px-Dr%C3%B6singer_Wald_02.jpg,https://no.wikipedia.org/wiki/Strandvortemelk,FUNNET
Onocleaceae,Matteuccia struthiopteris,Bregne,Strutseving,Feltsjikt,https://upload.wikimedia.org/wikipedia/commons/thumb/5/5a/Matteuccia_struthiopteris.jpg/500px-Matteuccia_struthiopteris.jpg,https://no.wikipedia.org/wiki/Strutseving,FUNNET
Aspleniaceae,Athyrium filix-femina,Bregne,Skogburkne (Kvinne),Feltsjikt,https://upload.wikimedia.org/wikipedia/commons/thumb/e/eb/Athyrium_filix-femina0.jpg/500px-Athyrium_filix-femina0.jpg,,FUNNET
Papaveraceae,Chelidonium majus,Svaleurt,Svaleurt,Feltsjikt,https://upload.wikimedia.org/wikipedia/commons/thumb/f/fb/Illustration_Chelidonium_majus0.jpg/500px-Illustration_Chelidonium_majus0.jpg,https://no.wikipedia.org/wiki/Svaleurt,FUNNET
Betulaceae,Alnus glutinosa,Or,Svartor,Tresjikt,https://upload.wikimedia.org/wikipedia/commons/thumb/1/18/Alnus_glutinosa_%28Schwarzerle%29.jpg/500px-Alnus_glutinosa_%28Schwarzerle%29.jpg,https://no.wikipedia.org/wiki/Svartor,FUNNET
Asteraceae,Hieracium spp.,Sveve,Sveve,Feltsjikt,https://upload.wikimedia.org/wikipedia/commons/thumb/f/f2/Hieracium.murorum2.-.lindsey.jpg/500px-Hieracium.murorum2.-.lindsey.jpg,https://no.wikipedia.org/wiki/Sveveslekta,FUNNET
Poaceae,Deschampsia cespitosa,Sølvbunke,Sølvbunke,Feltsjikt,https://upload.wikimedia.org/wikipedia/commons/thumb/e/e0/DeschampsiaCesp.jpg/500px-DeschampsiaCesp.jpg,https://en.wikipedia.org/wiki/Deschampsia_cespitosa,FUNNET
Salicaceae,Salix glauca,Vier,Sølvvier,Busksjikt,https://upload.wikimedia.org/wikipedia/commons/thumb/d/df/Salix_glauca_hg.jpg/500px-Salix_glauca_hg.jpg,,FUNNET
Rosaceae,Potentilla argentea,Mure,Sølvmure,Feltsjikt,https://upload.wikimedia.org/wikipedia/commons/thumb/9/9c/Potentilla_argentea_1.jpg/500px-Potentilla_argentea_1.jpg,https://en.wikipedia.org/wiki/Potentilla_argentea,FUNNET
Poaceae,Phragmites australis,Rør,Takrør,Feltsjikt,https://upload.wikimedia.org/wikipedia/commons/thumb/f/fa/Phragmites_australis1.jpg/500px-Phragmites_australis1.jpg,https://no.wikipedia.org/wiki/Takr%C3%B8r,FUNNET
Rosaceae,Potentilla erecta,Mure,Tepperot,Feltsjikt,https://upload.wikimedia.org/wikipedia/commons/thumb/1/13/Potentilla_erecta_-_K%C3%B6hler%E2%80%93s_Medizinal-Pflanzen-248.jpg/500px-Potentilla_erecta_-_K%C3%B6hler%E2%80%93s_Medizinal-Pflanzen-248.jpg,https://no.wikipedia.org/wiki/Tepperot,FUNNET
Fabaceae,Lotus corniculatus,Tunge,Tiriltunge,Feltsjikt,https://upload.wikimedia.org/wikipedia/commons/thumb/7/7a/Cleaned-Illustration_Lotus_corniculatus.jpg/500px-Cleaned-Illustration_Lotus_corniculatus.jpg,https://no.wikipedia.org/wiki/Tiriltunge,FUNNET
Asteraceae,Cirsium spp.,Tistel,Tistel,Feltsjikt,https://upload.wikimedia.org/wikipedia/commons/thumb/1/1f/Thistle_20050725_001.jpg/500px-Thistle_20050725_001.jpg,https://no.wikipedia.org/wiki/Tistel,FUNNET
Sphagnaceae,Sphagnum spp.,Mose,Torvmose,Mosesjikt,https://upload.wikimedia.org/wikipedia/commons/thumb/4/4e/Sphagnum_cuspidatum_041107a.jpg/500px-Sphagnum_cuspidatum_041107a.jpg,https://no.wikipedia.org/wiki/Torvmoser,FUNNET
Plantaginaceae,Plantago major,Tungras,Tungras,Feltsjikt,https://upload.wikimedia.org/wikipedia/commons/thumb/3/34/Polygonum_persicaria.jpg/500px-Polygonum_persicaria.jpg,https://no.wikipedia.org/wiki/Tungrasslekta,FUNNET
Ericaceae,Vaccinium vitis-idaea,Bær,Tyttebær,Feltsjikt,https://upload.wikimedia.org/wikipedia/commons/thumb/f/f1/Vaccinium_vitis-idaea_20060824_003.jpg/500px-Vaccinium_vitis-idaea_20060824_003.jpg,https://no.wikipedia.org/wiki/Tytteb%C3%A6r,FUNNET
Asteraceae,Matricaria perforata,Balderbrå,Ugrass balderbrå,Feltsjikt,https://upload.wikimedia.org/wikipedia/commons/thumb/e/e4/Tripleurospermum_inodorum_sl13.jpg/500px-Tripleurospermum_inodorum_sl13.jpg,https://no.wikipedia.org/wiki/Balderbr%C3%A5,FUNNET
Polygonaceae,Persicaria hydropiper,Vasspepper,Vasspepper,Feltsjikt,https://upload.wikimedia.org/wikipedia/commons/thumb/c/cb/Polygonum_hydropiper1.jpg/500px-Polygonum_hydropiper1.jpg,https://no.wikipedia.org/wiki/Vasspepper,FUNNET
Asteraceae,Cirsium palustre,Tistel,Veitistel,Feltsjikt,https://upload.wikimedia.org/wikipedia/commons/thumb/0/09/Circium_vulgare_01.jpg/500px-Circium_vulgare_01.jpg,https://no.wikipedia.org/wiki/Veitistel,FUNNET
Caprifoliaceae,Valeriana sambucifolia,Rot,Vendelrot,Feltsjikt,https://upload.wikimedia.org/wikipedia/commons/thumb/e/e4/Vendelrot3.jpg/500px-Vendelrot3.jpg,https://no.wikipedia.org/wiki/Vendelrot,FUNNET
Plantaginaceae,Veronica officinalis,Veronika,Veronika,Feltsjikt,https://upload.wikimedia.org/wikipedia/commons/thumb/4/49/Veronica_officinalis_1544.JPG/500px-Veronica_officinalis_1544.JPG,https://no.wikipedia.org/wiki/Legeveronika,FUNNET
Rosaceae,Rubus idaeus,Bringebær,Villbringebær,Busksjikt,https://upload.wikimedia.org/wikipedia/commons/thumb/6/69/Raspberries05.jpg/500px-Raspberries05.jpg,https://no.wikipedia.org/wiki/Bringeb%C3%A6r,FUNNET
Salicaceae,Salix aurita,Vier,Ørevier,Busksjikt,https://upload.wikimedia.org/wikipedia/commons/thumb/1/17/Salix_aurita_Sturm26.jpg/500px-Salix_aurita_Sturm26.jpg,https://no.wikipedia.org/wiki/%C3%98revier,FUNNET
Asteraceae,Sonchus arvensis,Dylle,Åkerdylle,Feltsjikt,https://upload.wikimedia.org/wikipedia/commons/thumb/5/5c/Sonchus_arvensis.JPG/500px-Sonchus_arvensis.JPG,https://no.wikipedia.org/wiki/%C3%85kerdylle,FUNNET
Equisetaceae,Equisetum arvense,Snelle,Åkersnelle,Feltsjikt,https://upload.wikimedia.org/wikipedia/commons/thumb/3/35/Equisetum_arvense_126536963.jpg/500px-Equisetum_arvense_126536963.jpg,https://no.wikipedia.org/wiki/%C3%85kersnelle,FUNNET
